USE [BiancasBikeShop]
GO

set identity_insert [BikeType] on;
INSERT INTO "BikeType" ("Id","Name") VALUES (1,'Road'),
 (2,'Mountain'),
 (3,'Touring'),
 (4,'Cruiser'),
 (5,'BMX'),
 (6,'City');
set identity_insert [BikeType] off;
set identity_insert [Owner] on;
INSERT INTO "Owner" ("Id","Name","Address","Email","Telephone") VALUES (1,'Lauren Bradford','868 Bedford Place, Rew, Louisiana, 8462','laurenbradford@genmex.com','+1 (808) 588-3850'),
 (2,'Cathryn Carlson','694 Pilling Street, Whitehaven, Wisconsin, 5232','cathryncarlson@genmex.com','+1 (867) 572-3720'),
 (3,'Pena Roy','845 Dobbin Street, Inkerman, West Virginia, 1834','penaroy@genmex.com','+1 (842) 492-2826'),
 (4,'Chapman Good','471 Eagle Street, Wollochet, Ohio, 6051','chapmangood@genmex.com','+1 (830) 475-3380'),
 (5,'Sandy Nichols','149 Brightwater Avenue, Dunnavant, Florida, 8929','sandynichols@genmex.com','+1 (848) 480-2424'),
 (6,'Petra Pickett','946 Village Road, Wauhillau, Minnesota, 4973','petrapickett@genmex.com','+1 (946) 520-3362'),
 (7,'Brown Bowers','605 Cass Place, Fresno, Georgia, 8531','brownbowers@genmex.com','+1 (848) 600-2763'),
 (8,'Maggie Mcmillan','168 Calder Place, Goodville, North Carolina, 1422','maggiemcmillan@genmex.com','+1 (850) 553-2835'),
 (9,'Harris King','457 Friel Place, Coalmont, Alaska, 3207','harrisking@genmex.com','+1 (895) 456-2112'),
 (10,'Pace Jacobs','403 Commerce Street, Fedora, Massachusetts, 9769','pacejacobs@genmex.com','+1 (804) 573-3189');
set identity_insert [Owner] off;
set identity_insert [Bike] on;
INSERT INTO "Bike" ("Id","Brand","Color","OwnerId","BikeTypeId") VALUES (1,'Trek','mauve',2,'4'),
 (2,'Schwinn','pink',3,'6'),
 (3,'Specialized','green',6,'2'),
 (4,'Specialized','green',5,'2'),
 (5,'Specialized','silver',5,'2'),
 (6,'Huffy','mauve',3,'5'),
 (7,'Schwinn','purple',9,'1'),
 (8,'Giant','mauve',5,'4'),
 (9,'Giant','red',8,'2'),
 (10,'Schwinn','mauve',1,'1'),
 (11,'Trek','green',2,'2'),
 (12,'Cannondale','silver',2,'6'),
 (13,'Specialized','blue',9,'4'),
 (14,'Cannondale','green',1,'3'),
 (15,'Specialized','green',1,'2'),
 (16,'Huffy','purple',10,'1'),
 (17,'Giant','purple',1,'3'),
 (18,'Schwinn','red',4,'3'),
 (19,'Huffy','purple',8,'6'),
 (20,'Schwinn','mauve',2,'6'),
 (21,'Giant','red',2,'2'),
 (22,'Specialized','mauve',7,'5'),
 (23,'Giant','blue',8,'6'),
 (24,'Giant','purple',3,'1'),
 (25,'Trek','red',10,'4'),
 (26,'Specialized','green',10,'1'),
 (27,'Specialized','red',8,'6'),
 (28,'Schwinn','blue',8,'6'),
 (29,'Schwinn','green',10,'3'),
 (30,'Schwinn','silver',5,'6'),
 (31,'Schwinn','brown',1,'6'),
 (32,'Schwinn','blue',3,'2'),
 (33,'Trek','red',3,'6'),
 (34,'Specialized','blue',4,'5'),
 (35,'Cannondale','purple',6,'5'),
 (36,'Schwinn','silver',2,'2'),
 (37,'Giant','silver',7,'1'),
 (38,'Huffy','green',3,'6'),
 (39,'Schwinn','gold',7,'6'),
 (40,'Schwinn','silver',7,'6'),
 (41,'Cannondale','green',5,'3'),
 (42,'Schwinn','brown',3,'1'),
 (43,'Giant','gold',3,'4'),
 (44,'Cannondale','pink',7,'4'),
 (45,'Specialized','blue',10,'2'),
 (46,'Huffy','green',4,'3'),
 (47,'Cannondale','brown',9,'2'),
 (48,'Giant','mauve',4,'2'),
 (49,'Trek','red',7,'5'),
 (50,'Specialized','green',4,'2');
set identity_insert [Bike] off;
set identity_insert [WorkOrder] on;
INSERT INTO "WorkOrder" ("Id","DateInitiated","Description","DateCompleted","BikeId") VALUES (1,'2020-12-03','proident quis laboris ex ut aliquip non consequat ipsum Lorem est et aute labore ipsum','2021-09-21T14:18:03.339Z',39),
 (2,'2019-02-21','magna exercitation labore amet fugiat aliqua esse velit duis deserunt nulla culpa ea velit pariatur','2020-04-07T16:58:05.610Z',19),
 (3,'2020-12-25','nulla dolor eu aute eiusmod consectetur est elit anim do occaecat adipisicing pariatur duis magna','2021-07-28T00:09:09.717Z',23),
 (4,'2021-04-22','ex quis proident excepteur elit consectetur eu nulla cillum ipsum est consequat adipisicing culpa minim','2021-05-02T12:56:22.807Z',40),
 (5,'2019-05-09','et voluptate exercitation dolor reprehenderit deserunt sint duis ipsum laborum do duis ad reprehenderit ullamco',NULL,40),
 (6,'2021-11-14','quis quis nulla ex ullamco qui duis quis irure qui adipisicing esse minim ullamco irure','2022-01-10T08:01:00.440Z',8),
 (7,'2019-12-16','consectetur esse officia in amet ad voluptate laboris non enim cupidatat adipisicing veniam non culpa','2020-10-27T21:15:09.525Z',42),
 (8,'2019-04-23','officia culpa culpa quis cillum ex ipsum consequat culpa dolor commodo sint mollit ex cupidatat','2021-10-29T01:53:59.064Z',40),
 (9,'2021-07-04','fugiat amet anim amet voluptate incididunt qui aliquip ut exercitation dolore labore adipisicing proident ut','2021-11-14T09:02:53.595Z',24),
 (10,'2019-03-13','minim id ullamco aliqua qui aliqua ex enim laborum deserunt ullamco quis tempor et elit',NULL,45),
 (11,'2020-05-20','excepteur proident exercitation veniam occaecat deserunt do minim dolore aliqua incididunt cupidatat proident commodo veniam','2021-10-12T08:39:49.935Z',20),
 (12,'2019-04-20','in amet irure do sunt amet minim ut ea occaecat voluptate ut officia minim consequat','2020-11-20T17:37:07.256Z',22),
 (13,'2018-06-06','occaecat sit esse ut exercitation culpa esse ex cupidatat laborum ex minim consectetur dolore amet','2020-02-13T11:59:38.063Z',31),
 (14,'2019-08-14','anim nostrud tempor elit ut nostrud ex irure magna aute velit dolore culpa ea adipisicing',NULL,41),
 (15,'2018-07-05','ad veniam do ad do incididunt enim voluptate reprehenderit velit minim magna amet et est','2018-12-31T14:14:51.542Z',6),
 (16,'2021-11-30','excepteur magna non adipisicing reprehenderit elit aliquip sit laboris nisi anim esse eiusmod enim sint','2021-12-16T04:05:55.504Z',28),
 (17,'2019-02-23','sunt commodo do est laborum dolor sit deserunt consectetur nostrud nostrud occaecat sunt eiusmod adipisicing',NULL,36),
 (18,'2021-01-27','sit exercitation aliqua do velit dolore fugiat ad aliqua elit in in excepteur ut pariatur',NULL,23),
 (19,'2018-03-28','id minim pariatur et pariatur consequat id aute eiusmod aliquip ea pariatur sunt duis deserunt',NULL,7),
 (20,'2018-10-05','cillum pariatur non do incididunt quis consectetur velit pariatur commodo eiusmod nulla amet ad Lorem',NULL,50),
 (21,'2021-09-15','consectetur id tempor commodo dolore incididunt pariatur excepteur nulla voluptate irure ad sint incididunt excepteur',NULL,25),
 (22,'2019-02-04','elit occaecat ipsum est nisi exercitation cupidatat aliqua et occaecat voluptate occaecat fugiat deserunt non','2020-06-07T20:46:06.003Z',12),
 (23,'2018-10-18','voluptate id cillum do eiusmod proident duis sint aliqua sunt ad amet consectetur voluptate tempor',NULL,36),
 (24,'2019-05-20','sunt proident sint do anim sit eu quis sunt culpa aute voluptate deserunt adipisicing deserunt',NULL,48),
 (25,'2018-06-26','id id laboris exercitation sunt minim enim commodo excepteur pariatur eu ipsum aliquip duis qui','2019-05-26T13:12:29.464Z',25),
 (26,'2019-01-28','cupidatat nulla duis id aliqua exercitation officia et cupidatat proident aliqua cillum dolor cillum cillum','2019-05-02T20:50:35.616Z',29),
 (27,'2019-11-30','Lorem officia exercitation adipisicing labore aute sint enim tempor occaecat ad aliqua consequat elit qui','2021-09-28T14:28:02.624Z',48),
 (28,'2021-06-03','exercitation laboris pariatur irure pariatur do nulla cillum sit eiusmod ut nisi duis est ut','2021-09-05T09:29:02.008Z',20),
 (29,'2019-11-25','duis esse nostrud qui ipsum est do irure sint cillum incididunt culpa enim ut excepteur','2020-12-26T13:38:15.903Z',45),
 (30,'2018-02-27','minim aliquip quis ipsum ex ex fugiat id proident officia proident magna velit aliquip occaecat','2018-08-16T15:07:02.983Z',46),
 (31,'2021-12-15','mollit ex esse consequat deserunt fugiat esse minim consequat occaecat ad aliqua nisi aliquip aute',NULL,37),
 (32,'2018-04-19','elit veniam labore aute aliqua ipsum velit ad consequat exercitation aliquip exercitation eu anim aute','2018-11-28T13:28:12.022Z',17),
 (33,'2021-09-24','qui dolore est cupidatat quis quis elit elit do nostrud enim nulla ad magna aliqua','2021-11-16T00:24:03.640Z',43),
 (34,'2019-01-28','cupidatat eu reprehenderit irure ea ullamco commodo adipisicing eu qui nisi proident esse fugiat esse','2019-08-23T10:12:26.228Z',10),
 (35,'2018-12-30','deserunt incididunt tempor duis consectetur eiusmod ad nostrud ex sunt velit aliquip et exercitation esse','2019-12-23T22:35:49.075Z',48),
 (36,'2018-06-24','ad nostrud sunt sint consectetur non ut sint culpa velit ipsum do fugiat adipisicing ullamco','2018-09-05T19:22:18.575Z',14),
 (37,'2018-02-24','ut irure enim incididunt pariatur esse culpa quis dolore ut consequat quis mollit est qui',NULL,37),
 (38,'2018-06-23','enim sunt consequat aute Lorem quis dolore sunt exercitation eiusmod quis dolore ex in eiusmod','2018-07-03T20:11:01.226Z',24),
 (39,'2020-09-22','cupidatat Lorem tempor esse magna duis reprehenderit pariatur deserunt magna irure eu ullamco ipsum dolor',NULL,1),
 (40,'2021-07-14','ullamco aliqua ad ullamco tempor amet reprehenderit sunt est dolor commodo aliquip laboris velit reprehenderit','2021-12-26T11:26:46.420Z',23),
 (41,'2019-12-10','anim reprehenderit exercitation ut fugiat ea laboris deserunt sunt ad commodo ipsum pariatur sit dolor','2021-06-04T04:54:21.357Z',32),
 (42,'2021-02-15','irure incididunt irure exercitation Lorem commodo ad excepteur velit aliqua ea exercitation aliqua duis minim','2021-11-13T20:35:47.917Z',48),
 (43,'2021-08-09','laboris velit minim non est id qui cupidatat adipisicing Lorem irure reprehenderit in fugiat laborum',NULL,41),
 (44,'2021-04-14','magna ea est amet aute esse ex duis consectetur labore veniam incididunt in proident fugiat','2021-12-24T00:10:55.580Z',46),
 (45,'2021-04-03','sint nulla sit aute esse in eiusmod exercitation non quis ullamco enim quis sint pariatur',NULL,1),
 (46,'2021-09-30','minim incididunt ullamco sint aliquip qui laboris reprehenderit minim magna duis tempor adipisicing commodo adipisicing','2021-12-16T10:07:29.037Z',31),
 (47,'2018-01-24','laborum et occaecat qui minim deserunt nulla do ex incididunt irure ex enim et adipisicing','2022-01-27T07:13:48.196Z',27),
 (48,'2018-01-29','magna Lorem commodo aliqua magna sunt ex culpa dolor Lorem id anim incididunt culpa enim','2021-01-26T04:49:42.466Z',34),
 (49,'2022-01-01','enim laborum in et consectetur ut incididunt amet consequat excepteur aliquip sunt ullamco eiusmod deserunt','2022-01-05T07:08:58.503Z',11),
 (50,'2019-06-02','ullamco aute in ullamco minim qui dolor cillum exercitation irure quis eu ullamco laborum reprehenderit','2021-05-29T12:05:24.063Z',44),
 (51,'2019-07-28','culpa reprehenderit ullamco sint amet labore fugiat magna aliqua enim enim consequat eiusmod culpa sint',NULL,49),
 (52,'2019-05-31','aliqua do proident eu proident laborum dolor enim proident ut incididunt proident dolore tempor sunt','2020-04-19T19:50:05.542Z',12),
 (53,'2018-06-08','culpa dolor excepteur eiusmod voluptate do non in minim quis ut velit nisi commodo labore',NULL,50),
 (54,'2020-06-03','exercitation voluptate aliquip in nulla aute qui consectetur do eiusmod nulla laboris labore incididunt reprehenderit',NULL,8),
 (55,'2018-11-16','velit excepteur est laboris irure magna proident commodo officia ullamco eiusmod Lorem commodo voluptate magna',NULL,25),
 (56,'2021-10-19','aliqua non exercitation anim non incididunt ad magna in nostrud in pariatur id duis eiusmod',NULL,23),
 (57,'2019-12-09','occaecat dolore commodo magna velit consectetur qui adipisicing pariatur do Lorem duis enim mollit ad','2021-07-13T02:31:47.171Z',10),
 (58,'2020-01-05','incididunt tempor labore Lorem tempor occaecat irure nostrud reprehenderit culpa quis tempor cillum ea enim',NULL,39),
 (59,'2020-01-22','sit commodo nulla enim aliqua nulla nulla eiusmod cupidatat voluptate nisi do duis est exercitation',NULL,32),
 (60,'2021-06-05','mollit laborum pariatur aliqua mollit nostrud sint laboris fugiat dolore dolore pariatur exercitation eiusmod proident',NULL,25),
 (61,'2019-11-16','ad dolor mollit mollit sit magna id deserunt sunt ullamco ut sunt cupidatat nulla laboris','2019-12-19T02:36:16.384Z',27),
 (62,'2018-10-03','Lorem ipsum elit amet ipsum aute ea elit anim pariatur laborum tempor nulla dolore officia','2019-05-11T05:03:19.483Z',43),
 (63,'2021-12-30','nisi esse esse aliqua adipisicing reprehenderit nulla esse id ut dolore aliquip pariatur excepteur aliquip',NULL,35),
 (64,'2018-11-09','pariatur voluptate dolore ad qui in incididunt eu sunt occaecat officia nulla in adipisicing voluptate',NULL,18),
 (65,'2020-03-12','do ut quis nulla in adipisicing quis cupidatat elit sunt id nostrud eu est eiusmod',NULL,34),
 (66,'2020-02-05','sunt deserunt commodo ea sit sint sit magna ea excepteur ea anim veniam consectetur enim','2021-12-09T07:16:09.873Z',22),
 (67,'2018-11-16','ullamco nisi consectetur reprehenderit commodo irure labore proident laboris mollit dolor labore mollit labore in',NULL,26),
 (68,'2020-04-30','laborum laborum voluptate magna id irure veniam tempor minim aliqua proident anim exercitation laboris ad','2020-12-08T02:40:12.368Z',36),
 (69,'2019-04-08','labore sint Lorem eiusmod adipisicing labore sint dolor esse tempor do minim Lorem consectetur qui','2020-11-05T00:19:31.996Z',2),
 (70,'2021-09-09','ipsum ut magna sint nostrud fugiat sunt labore esse incididunt aute in ipsum est tempor','2021-11-03T15:24:03.453Z',26),
 (71,'2020-08-08','cupidatat fugiat et reprehenderit voluptate duis anim ipsum nulla minim fugiat aliquip id in incididunt','2021-11-12T19:50:10.899Z',32),
 (72,'2018-01-12','sit quis consectetur labore magna duis nisi mollit velit ea pariatur fugiat reprehenderit officia esse',NULL,12),
 (73,'2020-07-07','consectetur sint culpa in eu amet occaecat non occaecat ad mollit Lorem adipisicing adipisicing occaecat',NULL,43),
 (74,'2019-09-25','incididunt est minim velit velit ipsum esse cupidatat enim ipsum labore esse ea aliquip mollit','2021-02-26T20:02:47.301Z',49),
 (75,'2020-12-18','commodo aute duis incididunt quis laboris velit in consequat veniam ut in non ea sunt','2020-12-19T14:31:14.662Z',22),
 (76,'2019-01-09','Lorem commodo nostrud officia et consectetur aliquip ipsum officia veniam et mollit quis non eu','2021-05-15T03:32:20.891Z',15),
 (77,'2019-04-23','officia consequat officia commodo consequat culpa culpa ex sunt aute incididunt laboris proident ea laboris',NULL,27),
 (78,'2021-09-12','consectetur aliqua quis magna ut eiusmod aute dolor dolor occaecat reprehenderit ullamco mollit fugiat ut','2021-10-09T09:10:42.534Z',36),
 (79,'2018-01-02','laborum duis aliquip ad anim adipisicing veniam deserunt ea pariatur in aute nostrud et ipsum','2019-08-24T04:42:29.062Z',25),
 (80,'2021-01-21','sit officia do eu sunt nulla deserunt laborum mollit esse pariatur excepteur Lorem adipisicing incididunt','2021-06-17T11:44:54.962Z',28),
 (81,'2021-05-12','pariatur ipsum deserunt aliquip culpa minim occaecat fugiat exercitation laborum esse aliquip laborum proident id','2021-07-26T22:18:12.308Z',12),
 (82,'2021-09-22','sint eiusmod excepteur velit ea dolore in cillum nostrud tempor culpa sunt occaecat consectetur occaecat','2021-12-20T13:45:30.908Z',28),
 (83,'2020-06-15','commodo minim minim ex exercitation exercitation quis nulla in non ex aliqua ullamco ad laborum','2020-07-14T10:31:15.160Z',25),
 (84,'2020-09-26','eiusmod ipsum fugiat id adipisicing voluptate occaecat aliqua sunt adipisicing consequat pariatur occaecat nulla deserunt',NULL,9),
 (85,'2021-06-13','aliqua dolore dolore veniam fugiat dolore mollit cillum sit fugiat irure ex laboris consectetur nulla','2021-10-04T23:34:54.189Z',2),
 (86,'2019-11-02','Lorem et fugiat adipisicing dolore esse excepteur elit esse occaecat fugiat consectetur quis commodo tempor',NULL,30),
 (87,'2021-10-22','in est officia nisi qui incididunt cillum cillum mollit aliquip mollit qui qui magna veniam','2021-12-28T12:42:04.569Z',19),
 (88,'2018-07-08','eu culpa excepteur culpa ullamco ipsum aute id reprehenderit consectetur ex excepteur excepteur sint qui',NULL,34),
 (89,'2020-11-09','est labore elit aliquip ipsum occaecat do ad est velit aute Lorem et cillum sit','2020-11-17T17:57:35.847Z',43),
 (90,'2018-07-26','do cillum adipisicing deserunt dolore veniam in aliqua voluptate ea mollit excepteur dolore reprehenderit tempor',NULL,37),
 (91,'2018-04-13','dolor voluptate proident ad dolor ad mollit incididunt Lorem sit voluptate commodo reprehenderit laboris aliquip',NULL,4),
 (92,'2019-09-04','incididunt reprehenderit aute sunt excepteur nulla cupidatat duis ex sunt et dolore reprehenderit magna consequat',NULL,11),
 (93,'2019-01-12','dolore occaecat consequat nulla adipisicing ut velit mollit sit officia voluptate irure culpa pariatur dolore',NULL,22),
 (94,'2018-07-28','do cillum laborum do ullamco tempor ex elit nostrud enim voluptate eiusmod consequat elit ex','2018-08-31T04:09:49.374Z',6),
 (95,'2020-09-27','elit irure aute eiusmod nulla ex eiusmod do minim consectetur aliquip magna minim laborum tempor',NULL,40),
 (96,'2018-10-11','ex proident duis in labore nulla laboris excepteur ut occaecat ullamco ullamco est nulla ipsum',NULL,23),
 (97,'2018-11-28','adipisicing sit mollit pariatur sunt labore ut est ut ipsum ullamco aliquip ad ut occaecat',NULL,7),
 (98,'2021-09-28','ad consequat in sunt et duis sint qui culpa laboris non reprehenderit nostrud sunt excepteur','2021-09-29T11:04:27.853Z',38),
 (99,'2021-06-23','non commodo id anim irure est voluptate nulla id dolore minim adipisicing non amet do',NULL,5),
 (100,'2019-01-07','officia sit reprehenderit proident incididunt cupidatat nostrud ullamco ad reprehenderit nisi labore duis consequat nulla','2019-06-27T23:02:26.662Z',23);
set identity_insert [WorkOrder] off;

